;Cost/benefit;HIPAA Safe Harbor
adversary gain = publisher loss;Value;Value
0.0;1.0;0.719728230949384
250.0;0.8670188262031264;0.6952357399325235
500.0;0.7435937299146395;0.6703465575773544
750.0;0.6869103730179782;0.6456557208913393
1000.0;0.6535499453556718;0.6209648842053244
1250.0;0.6359983365439223;0.5962740475193103
1500.0;0.6199387355898156;0.571583210833295
1750.0;0.6040443034325425;0.5468923741472798
2000.0;0.5908190912714206;0.5222015374612652
